<?xml version="1.0" encoding="UTF-8" ?>
<!DOCTYPE mapper PUBLIC "-//mybatis.org//DTD Mapper 3.0//EN" "http://mybatis.org/dtd/mybatis-3-mapper.dtd" >
<mapper namespace="io.spring.infrastructure.mybatis.mapper.TestMapper">
    <insert id="insert" useGeneratedKeys="true" keyProperty="id">
        insert into tb_test1 ( test1, test2, test3, test4) values(
          #{test.test1},
          #{test.test2},
          #{test.test3},
          #{test.test4}
        )
    </insert>
    <update id="update">
        update tb_test1
          <set>
              <if test="test.test1 != ''">test1 =  #{test.test1},</if>
              <if test="test.test2 != ''">test2 =  #{test.test2},</if>
              <if test="test.test3 != ''">test3 =  #{test.test3},</if>
              <if test="test.test4 != ''">test4 =  #{test.test4},</if>
          </set>
        where id = #{test.id}
    </update>
    
    <select id="findById" resultMap="test">
        select id,test1,test2,test3,test4 from tb_test1 where id = #{id}
    </select>

    
    <select id="findTests" resultMap="test">
        select id,test1,test2,test3,test4 from tb_test1 
    </select>




    <resultMap id="test" type="io.spring.core.user.Test" >
        <id column="id" property="id"/>
        <result column="test1" property="test1"/>
        <result column="test2" property="test2"/>
        <result column="test3" property="test3"/>
        <result column="test4" property="test4"/>

    </resultMap>
</mapper>